# ========================================
# NORMALIZATION & DOMAIN BLOCKS
# ========================================

# Passthrough static assets
/_astro/*                 /_astro/:splat            200
/assets/*                 /assets/:splat            200
/images/*                 /images/:splat            200
/fonts/*                  /fonts/:splat             200
/css/*                    /css/:splat               200
/js/*                     /js/:splat                200
/og/*                     /og/*                     200

# HTTPS + remove www
https://www.therebelape.com/*  https://therebelape.com/:splat  301!
http://therebelape.com/*  https://therebelape.com/:splat  301!
http://www.therebelape.com/*  https://therebelape.com/:splat  301!

# ========================================
# PAGE SLUG UPDATES
# ========================================

# Service page restructuring
/services/google-business-profile/ /services/seo/google-business-profile/ 301!
/ads/ /services/ppc/ 301!
/services/ads/ /services/ppc/ 301!
/website-design/ /services/website-design/ 301!

# Legacy contractor pages
/website-design-for-contractors/ /services/website-design/ 301!
/ads-for-contractors/ /services/ppc/ 301!

# Legal pages restructuring
/privacy-policy/ /legal/privacy-policy/ 301!
/terms-and-conditions/ /legal/terms-and-conditions/ 301!

# ========================================
# LANDING PAGES & SUBDOMAIN REDIRECTS
# ========================================

# UOMC - Marketing Checklist Landing Page
http://leads.therebelape.com/* https://therebelape.com/resources/uomc/ 301!
https://leads.therebelape.com/* https://therebelape.com/resources/uomc/ 301!
http://uomc.therebelape.com/* https://therebelape.com/resources/uomc/ 301!
https://uomc.therebelape.com/* https://therebelape.com/resources/uomc/ 301!
https://go.therebelape.com/checklist/ https://therebelape.com/resources/uomc/ 301!
https://go.therebelape.com/checklist https://therebelape.com/resources/uomc/ 301!
https://go.therebelape.com/ https://therebelape.com/resources/uomc/ 301!
https://go.therebelape.com/checklist-page https://therebelape.com/resources/uomc/ 301!
https://go.therebelape.com/checklist-page832917 https://therebelape.com/resources/uomc/ 301!

# UOMC internal path redirects
/uomc/ /resources/uomc/ 301!
/uomc/thank-you/ /resources/uomc/thank-you/ 301!


# SCHEDULE
https://schedule.therebelape.com/* /schedule/ 301!
https://go.therebelape.com/schedule /schedule/ 301!
https://go.therebelape.com/schedule-booking-confirmation /schedule/thank-you/ 301!
https://go.therebelape.com/schedule-select-time /schedule/ 301!
/contact/request-a-bid/ /schedule/ 301!

# CONTACT
/request-a-bid/ /contact/ 301!

# ========================================
# CONTENT PAGES
# ========================================

# CONVERSION SECRETS
https://go.therebelape.com/conversion-secrets /services/website-design/ 301!
https://go.therebelape.com/conversion-secrets/ /services/website-design/ 301!
/conversion-secrets/ /services/website-design/ 301!

# ABOUT
/about-us/ /about/ 301!
/about-rebel-ape-marketing/ /about/ 301!

# Adam Miconi
/adam-miconi/ /about/adam-miconi/ 301!
/about-us/adam-miconi/ /about/adam-miconi/ 301!
/about-rebel-ape-marketing/adam-miconi/ /about/adam-miconi/ 301!
/about-rebel-ape-marketing/adam-miconi-plumbing-marketing-expert/ /about/adam-miconi/ 301!
https://www.therebelape.com/about-rebel-ape-marketing/about-adam-miconi/ /about/adam-miconi/ 301!
/about-rebel-ape-marketing/adam-miconi-plumbing-marketing-expert/ /about/adam-miconi/ 301!

# Reviews
/about-us/reviews/ /about/reviews/ 301!
/about-rebel-ape-marketing/plumber-marketing-agency-reviews/ /about/reviews/ 301!
/about-rebel-ape-marketing/marketing-agency-reviews/ /about/reviews/ 301!
/testimonials/ /about/reviews/ 301!
/reviews/ /about/reviews/ 301!

# Referral Program
/about-rebel-ape-marketing/plumber-referral-program/ /about/ 301!
/about-rebel-ape-marketing/referral-program/ /about/ 301!
/about/referral-program/ /about/ 301!
/referral-program/ /about/ 301! 

# ========================================
# LOCATION PAGES - UTAH CITIES
# ========================================

# BOUNTIFUL
/plumbing-marketing/bountiful/ /locations/utah/bountiful/ 301!
/marketing-services/website-design/bountiful/ /locations/utah/bountiful/ 301!
/plumber-marketing-services/plumber-website-design/plumber-web-design-bountiful/ /locations/utah/bountiful/ 301!
/plumber-website-design/bountiful-web-design/ /locations/utah/bountiful/ 301!
/web-design/bountiful-web-design/ /locations/utah/bountiful/ 301!
/marketing-agencies-utah/seo-for-small-business/website-design-in-bountiful-ut/ /locations/utah/bountiful/ 301!

# BRIGHAM CITY
/plumbing-marketing/brigham-city/ /locations/utah/brigham-city/ 301!

# CLEARFIELD
/plumbing-marketing/clearfield/ /locations/utah/clearfield/ 301!

# FARMINGTON
/plumbing-marketing/farmington/ /locations/utah/farmington/ 301!

# LAYTON
/plumbing-marketing/layton/ /locations/utah/layton/ 301!
/marketing-services/seo/layton/ /locations/utah/layton/ 301!
/plumber-marketing-services/plumber-seo/plumber-seo-layton/ /locations/utah/layton/ 301!
/plumber-seo/layton-seo/ /locations/utah/layton/ 301!
/seo/layton-seo/ /locations/utah/layton/ 301!
/services/seo/seo-and-website-design-in-layton/ /locations/utah/layton/ 301!
/marketing-agencies-utah/seo-for-small-business/seo-and-website-design-in-layton/ /locations/utah/layton/ 301!
/seo/seo-and-website-design-in-layton/ /locations/utah/layton/ 301!

# LOGAN
/plumbing-marketing/logan/ /locations/utah/logan/ 301!
/marketing-services/seo/logan/ /locations/utah/logan/ 301!
/plumber-marketing-services/plumber-seo/plumber-seo-logan/ /locations/utah/logan/ 301!
/plumber-seo/logan-seo/ /locations/utah/logan/ 301!
/seo/logan-seo/ /locations/utah/logan/ 301!
/seo/seo-and-website-design-in-logan/ /locations/utah/logan/ 301!
/marketing-agencies-utah/seo-for-small-business/seo-and-website-design-in-logan/ /locations/utah/logan/ 301!
/services/seo/seo-and-website-design-in-logan/ /locations/utah/logan/ 301!

# MURRAY
/plumbing-marketing/murray/ /locations/utah/murray/ 301!

# OGDEN
/plumbing-marketing/ogden/ /locations/utah/ogden/ 301!
/marketing-services/seo/ogden/ /locations/utah/ogden/ 301!
/plumber-seo/ogden-seo/ /locations/utah/ogden/ 301!
/seo/ogden-seo/ /locations/utah/ogden/ 301!
/marketing-agencies-utah/seo-for-small-business/ogden-seo/ /locations/utah/ogden/ 301!
/plumber-marketing-services/plumber-seo/plumber-seo-ogden/ /locations/utah/ogden/ 301!

# OREM
/plumbing-marketing/orem/ /locations/utah/orem/ 301!

# PROVO
/plumbing-marketing/provo/ /locations/utah/provo/ 301!

# ROY
/plumbing-marketing/roy/ /locations/utah/roy/ 301!

# SALT LAKE CITY
/plumbing-marketing/salt-lake-city/ /locations/utah/salt-lake-city/ 301!
/marketing-services/seo/salt-lake-city/ /locations/utah/salt-lake-city/ 301!
/plumber-marketing-services/plumber-seo/plumber-seo-salt-lake-city/ /locations/utah/salt-lake-city/ 301!
/seo/seo-salt-lake-city/ /locations/utah/salt-lake-city/ 301!
/services/plumber-seo/salt-lake-seo/ /locations/utah/salt-lake-city/ 301!
/plumber-seo/salt-lake-seo/ /locations/utah/salt-lake-city/ 301!
/seo/salt-lake-seo/ /locations/utah/salt-lake-city/ 301!

# SANDY
/plumbing-marketing/sandy/ /locations/utah/sandy/ 301!

# SOUTH JORDAN
/plumbing-marketing/south-jordan/ /locations/utah/south-jordan/ 301!

# WEST JORDAN
/plumbing-marketing/west-jordan/ /locations/utah/west-jordan/ 301!

# WEST VALLEY CITY
/plumbing-marketing/west-valley-city/ /locations/utah/west-valley-city/ 301!

# LEHI
/plumbing-marketing/lehi/ /locations/utah/lehi/ 301!

# PARK CITY
/plumbing-marketing/park-city/ /locations/utah/park-city/ 301!

# ST. GEORGE / SAINT GEORGE
/plumbing-marketing/saint-george/ /locations/utah/st-george/ 301!
/plumber-marketing-services/plumber-seo/plumber-seo-saint-george/ /locations/utah/st-george/ 301!
/seo/saint-george-seo/ /locations/utah/st-george/ 301!
/marketing-agencies-utah/seo-for-small-business/seo-website-design-in-saint-george/ /locations/utah/st-george/ 301!
/marketing-services/seo/saint-george/ /locations/utah/st-george/ 301!

# ========================================
# LOCATION PAGES - NEVADA
# ========================================

# LAS VEGAS
/plumbing-marketing/las-vegas/ /locations/nevada/las-vegas/ 301!
/marketing-services/seo/las-vegas/ /locations/nevada/las-vegas/ 301!
/plumber-marketing-services/plumber-seo/plumber-seo-las-vegas/ /locations/nevada/las-vegas/ 301!
/plumber-seo/las-vegas-seo/ /locations/nevada/las-vegas/ 301!
/marketing-agencies-utah/seo-for-small-business/seo-and-website-design-in-las-vegas/ /locations/nevada/las-vegas/ 301!
/seo/las-vegas-seo/ /locations/nevada/las-vegas/ 301!

# RENO
/plumbing-marketing/reno/ /locations/nevada/reno/ 301!
/marketing-services/seo/reno/ /locations/nevada/reno/ 301!
/plumber-marketing-services/plumber-seo/plumber-seo-reno/ /locations/nevada/reno/ 301!

# ========================================
# GENERAL LOCATION PAGES
# ========================================

# Old plumbing marketing parent page
/plumbing-marketing/ /industries/plumbing/ 301!

# Old marketing agencies utah
/marketing-agencies-utah/ /locations/utah/ 301!
/marketing-agencies-utah/seo-for-small-business/ /locations/utah/ 301!

# ========================================
# WEBSITE DESIGN
# ========================================

# WEBSITE DESIGN - General Pages
/web-design/ /services/website-design/ 301!
/website-design-and-development-consultant/ /services/website-design/ 301!
/services/plumber-website-design/ /services/website-design/ 301!
/plumber-website-design/ /services/website-design/ 301!
/high-converting-website/feed/ /services/website-design/ 301!

# WEBSITE DESIGN - General Location Pages (Non-specific cities)
/marketing-services/website-design/ /services/website-design/ 301!
/plumber-marketing-services/plumber-website-design/ /services/website-design/ 301!
/marketing-agencies-utah/website-developer-for-small-businesses/ /services/website-design/ 301!

# WEBSITE DESIGN - Questionnaire & Resources
/marketing-services/website-design/website-design-questionnaire/ /services/website-design/ 301!
/plumber-marketing-services/plumber-website-design/website-design-questionnaire/ /services/website-design/ 301!
/services/plumber-website-design/website-design-examples/ /services/website-design/ 301!
/web-design-questionnaire/ /services/website-design/ 301!
/marketing-services/website-design/website-design-examples/ /services/website-design/ 301!
/plumber-marketing-services/plumber-website-design/website-design-examples/ /services/website-design/ 301!
/web-design-examples/ /services/website-design/ 301!
/plumber-website-design/website-design-examples/ /services/website-design/ 301!

# WEBSITE DESIGN - Blog & Feed Pages
/category/design/ /services/website-design/ 301!
/category/design/feed/ /services/website-design/ 301!

# WEBSITE DESIGN - Client Projects
/our-work/client-work/capener-matthews-dental-website-design/ /services/website-design/ 301!
/our-work/client-work/develop-your-intuitive-gifts-website-design/ /services/website-design/ 301!
/our-work/client-work/ellis-printing-website-design/ /services/website-design/ 301!
/our-work/client-work/out-there-roofing-website-design/ /services/website-design/ 301!
/our-work/client-work/tnt-social-media-website-design/ /services/website-design/ 301!

# ========================================
# RESULTS (formerly Case Studies) & CLIENT WORK
# ========================================

# Old case-studies URL structure
/case-studies/ /results/ 301!
/case-studies/* /results/:splat 301!

# RESULTS - Directory Pages
/clients/ /results/ 301!
/our-work/ /results/ 301!
/our-work/client-work/ /results/ 301!

# CASE STUDIES - Specific Projects (Now Live)

# Highland Surveying → Land Surveying Case Study
/highland/ /results/land-surveying/ 301!
/highland-surveying/ /results/land-surveying/ 301!
/digital-marketing-case-studies/highland-surveying-case-study/ /results/land-surveying/ 301!

# Regeneration Medical Spa → Medical Spa Case Study
/regeneration/ /results/medical-spa/ 301!
/regeneration-med-spa/ /results/medical-spa/ 301!
/digital-marketing-case-studies/regeneration-medical-spa-case-study/ /results/medical-spa/ 301!

# Cereset → Mental Health Franchise Case Study
/ceraset/ /results/mental-health-franchise/ 301!
/cereset/ /results/mental-health-franchise/ 301!
/digital-marketing-case-studies/cereset-of-ogden-case-study/ /results/mental-health-franchise/ 301!
/cereset-of-ogden-case-study/ /results/mental-health-franchise/ 301!

# iFix Appliance Repair → Appliance Repair Case Study
/ifix/ /results/appliance-repair/ 301!
/digital-marketing-case-studies/ifix-appliance-repair-case-study/ /results/appliance-repair/ 301!
/client-work/ifix/ /results/appliance-repair/ 301!
/our-work/client-work/ifix/ /results/appliance-repair/ 301!

# Little Vegas Chapel → Las Vegas Wedding Chapel Case Study
/little-vegas-chapel/ /results/las-vegas-wedding-chapel/ 301!
/vegas-chapel/ /results/las-vegas-wedding-chapel/ 301!
/las-vegas-chapel/ /results/las-vegas-wedding-chapel/ 301!

/client-work/out-there-roofing/ /results/ 301!

# CASE STUDIES - Other Projects Still Redirecting to Main Page
/our-work/client-work/aingeal-music/ /results/ 301!
/our-work/client-work/amazing-vacations-costa-rica/ /results/ 301!
/our-work/client-work/amazing-vacations-usa/ /results/ 301!
/our-work/client-work/brain-optimizer/ /results/ 301!
/our-work/client-work/critical-edtek/ /results/ 301!
/our-work/client-work/divorce-planning-pros/ /results/ 301!
/our-work/client-work/explosive-impact/ /results/ 301!
/our-work/client-work/fresh-and-new-real-estate/ /results/ 301!
/our-work/client-work/green-dani-bs/ /results/ 301!
/our-work/client-work/it-business-services/ /results/ 301!
/our-work/client-work/jennifer-funk-fine-art/ /results/ 301!
/our-work/client-work/light-child-media/ /results/ 301!
/our-work/client-work/marias-creations/ /results/ 301!
/our-work/client-work/northern-utah-glass/ /results/ 301!
/our-work/client-work/slr-roofing/ /results/ 301!
/our-work/client-work/tomchak-skolout-law-firm/ /results/ 301!
/our-work/client-work/totti-buttons-ski-rack/ /results/ 301!
/our-work/client-work/utah-accident-solutions/ /results/ 301!
/our-work/client-work/vitality-energy/ /results/ 301!
/our-work/client-work/void-distortion/ /results/ 301!

# Generic Case Study Redirects
/digital-marketing-case-studies/ /results/ 301!
/digital-marketing-case-studies/bookkeeping-for-contractors-case-study/ /results/ 301!
/digital-marketing-case-studies/google-business-profile-case-study/ /results/ 301!
/digital-marketing-case-studies/google-business-profile-total-market-domination-case-study/ /results/ 301!
/google-business-profile-total-market-domination-case-study/ /results/ 301!
/tomchak-skolout-law-firm/ /results/ 301!

# Client Work Gallery & Portfolio Pages
/our-work/website-design-gallery/ /results/ 301!
https://www.therebelape.com/portfolio/logo-design-gallery/ /results/ 301!
/services/graphic-design/graphic-design-gallery/ /results/ 301!
/website-design-gallery/ /services/website-design/ 301!
/graphic-design-gallery/ / 301!
/client-work/easy-to-use-products/ /results/ 301!
/our-work/client-work/just-utah-homes/ /results/ 301!
/our-work/client-work/sand-lounger-website-design/ /results/ 301!
https://www.therebelape.com/logo-design/void-distortion/ /results/ 301!
https://www.therebelape.com/website-design/capener-matthews-dental-website-design/ /results/ 301!
http://therebelape.com/portfolio/website-design-gallery /services/web-design/ 301!

# ========================================
# HOMEPAGE & MISCELLANEOUS
# ========================================

# HOMEPAGE - General Pages Redirecting to Home
/client-portal/ / 301!
/contact-rebel-ape-marketing/ / 301!
/design/ / 301!
/design/feed/ / 301!
/marketing/feed/ / 301!
/press-release/ / 301!
/tag/blog/feed/ / 301!
/tag/clutch/feed/ / 301!
/tag/trust/feed/ / 301!

# LEGAL PAGES
/about-us/privacy-policy/ /legal/privacy-policy/ 301!

# SITEMAP
/html-sitemap/ /sitemap.xml 301!

# ========================================
# BLOG POST REDIRECTS
# ========================================

# Old blog post URLs (without /blog/) redirect to new structure (/blog/slug/)

# Blog
http://therebelape.com/blog/ /blog/ 301

# reverse-scrolling-on-windows-10
/reverse-scrolling-on-windows-10/ /blog/ 301

/4-vital-components-of-the-website-process/ /blog/4-vital-components-of-the-website-process/ 301

# 5-reasons-you-need-social-media-marketing
/5-reasons-you-need-social-media-marketing/* /blog/5-reasons-you-need-social-media-marketing/ 301!
/5-reasons-you-need-social-media-marketing/ /blog/5-reasons-you-need-social-media-marketing/ 301

# 7-reasons-you-need-a-website
/7-reasons-you-need-a-website/* /blog/7-reasons-you-need-a-website/ 301!
/7-reasons-you-need-a-website/ /blog/7-reasons-you-need-a-website/ 301

/a-website-blog-is-an-seos-secret-weapon/ /blog/a-website-blog-is-an-seos-secret-weapon/ 301
/ai-for-home-service-companies/ /blog/ai-for-home-service-companies/ 301
/billboard-advertising-strategies-3-proven-ways-to-capture-attention-and-drive-results/ /blog/billboard-advertising-strategies-3-proven-ways-to-capture-attention-and-drive-results/ 301
/branding-strategies-in-marketing/ /blog/branding-strategies-in-marketing/ 301
/clutchs-2022-leading-web-designer-from-utah/ /blog/clutchs-2022-leading-web-designer-from-utah/ 301

# content-syndication-strategies
/content-syndication-strategies/* /blog/content-syndication-strategies/ 301!
/content-syndication-strategies/ /blog/content-syndication-strategies/ 301

/create-social-media-marketing-campaign/ /blog/create-social-media-marketing-campaign/ 301

# do-keywords-still-matter-for-seo
/do-keywords-still-matter-for-seo/* /blog/do-keywords-still-matter-for-seo/ 301!
/do-keywords-still-matter-for-seo/ /blog/do-keywords-still-matter-for-seo/ 301

/find-a-web-designer-near-ogden-utah/ /blog/find-a-web-designer-near-ogden-utah/ 301
/getting-to-know-your-customer-avatar-the-ultimate-guide-to-better-marketing/ /blog/getting-to-know-your-customer-avatar-the-ultimate-guide-to-better-marketing/ 301
/go-to-market-strategy-the-5-essential-elements-for-business-success/ /blog/go-to-market-strategy-the-5-essential-elements-for-business-success/ 301
/google-bert-update/ /blog/google-bert-update/ 301
/google-business-profile-for-plumbers/ /blog/google-business-profile-for-plumbers/ 301
/high-converting-website-design-guide/ /blog/high-converting-website-design-guide/ 301
/how-the-logo-design-process-works/ /blog/how-the-logo-design-process-works/ 301

# how-to-add-users-to-google-my-business-listing
/how-to-add-users-to-google-my-business-listing/* /blog/how-to-add-users-to-google-my-business-listing/ 301!
/how-to-add-users-to-google-my-business-listing/ /blog/how-to-add-users-to-google-my-business-listing/ 301

# how-to-design-a-brand-identity-like-a-professional
/how-to-design-a-brand-identity-like-a-professional/* /blog/how-to-design-a-brand-identity-like-a-professional/ 301!
/how-to-design-a-brand-identity-like-a-professional/ /blog/how-to-design-a-brand-identity-like-a-professional/ 301

/how-to-find-design-agencies-in-utah/ /blog/how-to-find-design-agencies-in-utah/ 301
/how-to-hire-a-logo-designer/ /blog/how-to-hire-a-logo-designer/ 301
/how-to-improve-website-traffic-with-seo-your-complete-2025-guide/ /blog/how-to-improve-website-traffic-with-seo-your-complete-2025-guide/ 301
/how-to-leverage-efforts-for-maximum-results/ /blog/how-to-leverage-efforts-for-maximum-results/ 301
/how-to-master-your-client-onboarding-process-from-3-hours-to-20-minutes/ /blog/how-to-master-your-client-onboarding-process-from-3-hours-to-20-minutes/ 301

# how-to-outrank-your-competitors
/how-to-outrank-your-competitors/* /blog/how-to-outrank-your-competitors/ 301!
/how-to-outrank-your-competitors/ /blog/how-to-outrank-your-competitors/ 301

/how-to-setup-google-analytics/ /blog/how-to-setup-google-analytics/ 301
/how-we-develop-our-powerful-marketing-strategies/ /blog/how-we-develop-our-powerful-marketing-strategies/ 301
/how-your-website-design-can-help-or-hurt-your-brand/ /blog/how-your-website-design-can-help-or-hurt-your-brand/ 301
/increase-website-trust/ /blog/increase-website-trust/ 301
/is-seo-dead/ /blog/is-seo-dead/ 301
/seo-dead-2019/ /blog/is-seo-dead/ 301
/keyword-cannibalization-and-why-you-should-avoid-it/ /blog/keyword-cannibalization-and-why-you-should-avoid-it/ 301
/lead-generation-best-practices-master-conversion-strategies-for-2025/ /blog/lead-generation-best-practices-master-conversion-strategies-for-2025/ 301
/local-seo-services-increase-local-visibility-and-drive-more-customers/ /blog/local-seo-services-increase-local-visibility-and-drive-more-customers/ 301
/marketing-testing-strategy-drive-explosive-growth-in-2025/ /blog/marketing-testing-strategy-drive-explosive-growth-in-2025/ 301
/maximize-marketing-impact-multiple-platforms/ /blog/maximize-marketing-impact-multiple-platforms/ 301

# on-page-seo-tips (wildcard handles all ?replytocom and /page/ variants)
/on-page-seo-tips/* /blog/on-page-seo-tips/ 301!
/on-page-seo-tips/ /blog/on-page-seo-tips/ 301

/online-marketing-business-growth-trajectory/ /blog/online-marketing-business-growth-trajectory/ 301
/online-reviews/ /blog/online-reviews/ 301
/organic-marketing-strategies-for-explosive-business-growth-in-2025/ /blog/organic-marketing-strategies-for-explosive-business-growth-in-2025/ 301
/our-secret-to-tracking-success-and-making-marketing-predictable/ /blog/our-secret-to-tracking-success-and-making-marketing-predictable/ 301
/our-secrets-to-successful-video-marketing-that-drives-real-results/ /blog/our-secrets-to-successful-video-marketing-that-drives-real-results/ 301
/phone-number-on-your-website/ /blog/phone-number-on-your-website/ 301
/pitfalls-of-stock-photography-for-website-images/ /blog/pitfalls-of-stock-photography-for-website-images/ 301
/plumbing-website-conversion-fixes/ /blog/plumbing-website-conversion-fixes/ 301
/professional-content-writing-business-authority-benefits/ /blog/professional-content-writing-business-authority-benefits/ 301
/professional-marketing-agency-strategic-advantages/ /blog/professional-marketing-agency-strategic-advantages/ 301
/professional-photography-business-roi-benefits/ /blog/professional-photography-business-roi-benefits/ 301
/seo-marketing-guide-business-growth/ /blog/seo-marketing-guide-business-growth/ 301
/seo-tips-for-plumbers/ /blog/seo-tips-for-plumbers/ 301
/social-media-marketing-business-impact/ /blog/social-media-marketing-business-impact/ 301
/social-media-marketing-maximize-strategies/ /blog/social-media-marketing-maximize-strategies/ 301
/success-business-branding/ /blog/success-business-branding/ 301
/the-ultimate-guide-to-building-a-professional-marketing-plan-for-2025/ /blog/the-ultimate-guide-to-building-a-professional-marketing-plan-for-2025/ 301
/the-ultimate-guide-to-having-an-seo-expert-on-your-marketing-team/ /blog/the-ultimate-guide-to-having-an-seo-expert-on-your-marketing-team/ 301
/tips-to-keep-your-business-during-the-pandemic/ /blog/tips-to-keep-your-business-during-the-pandemic/ 301
/total-market-domination-with-google-business-profile/ /blog/total-market-domination-with-google-business-profile/ 301
/ultimate-guide-to-small-business-website-design/ /blog/ultimate-guide-to-small-business-website-design/ 301
/video-marketing-for-businesses/ /blog/video-marketing-for-businesses/ 301
/video-marketing-for-businesses-5-essential-tips-for-growth/ /blog/video-marketing-for-businesses/ 301
/video-marketing-strategy-for-2023/ /blog/video-marketing-strategy-for-2023/ 301
/website-design-and-development-consultant/ /blog/website-design-and-development-consultant/ 301
/website-is-not-ranking/ /blog/website-is-not-ranking/ 301
/website-videos-8-essential-reasons-every-business-needs-video-content/ /blog/website-videos-8-essential-reasons-every-business-needs-video-content/ 301

# what-is-a-brand-promise
/what-is-a-brand-promise/* /blog/what-is-a-brand-promise/ 301!
/what-is-a-brand-promise/ /blog/what-is-a-brand-promise/ 301

# what-is-seo
/what-is-seo/* /blog/what-is-seo/ 301!
/what-is-seo/ /blog/what-is-seo/ 301

/what-makes-a-high-converting-webpage/ /blog/what-makes-a-high-converting-webpage/ 301
/when-to-delegate-marketing-to-experts/ /blog/when-to-delegate-marketing-to-experts/ 301
/when-to-hire-a-professional-videographer-for-your-home-service-company/ /blog/when-to-hire-a-professional-videographer-for-your-home-service-company/ 301
/xyz-marketing/ /blog/xyz-marketing/ 301
/xyz-marketing-acquired-by-rebel-ape-marketing/ /blog/xyz-marketing-acquired-by-rebel-ape-marketing/ 301
/website-seo-performance-strategies-for-ranking/ /blog/website-seo-performance-strategies-for-ranking/ 301
/on-page-seo-techniques/ /blog/on-page-seo-tips/ 301

# ========================================
# BLOG PAGINATION
# ========================================
/page/2/ /blog/2/ 301
/page/3/ /blog/3/ 301
/blog/page/3/ /blog/3/ 301
/page/4/ /blog/4/ 301
/page/5/ /blog/5/ 301
/page/6/ /blog/6/ 301

# ========================================
# QUERY PARAMETER & PAGINATION CLEANUP
# ========================================

# Remove query parameters from blog posts and old-style URLs
/blog/*?* /blog/:splat 301
/*?replytocom=* /:splat 301

# Remove WordPress comment pagination (/page/N/)
/blog/*/page/* /blog/:splat 301
/*/page/* /:splat 301

# ========================================
# OLD MARKETING SERVICES → HOME
# ========================================
/marketing-services/ / 301!
/marketing-services/graphic-design-service/ / 301!
/marketing-services/graphic-design-service/graphic-design-examples/ / 301!
/marketing-services/logo-design-service/ / 301!
/marketing-services/logo-design-service/logo-design-examples/ / 301!
/marketing-services/logo-design-service/logo-design-questionnaire/ / 301!
/marketing-services/content-writing-service/ / 301!
/marketing-services/reputation-management/ / 301!
/marketing-services/directory-listing-management/ / 301!
/marketing-services/email-marketing/ / 301!
/marketing-services/call-tracking/ / 301!
/marketing-services/social-media-content-posts/ / 301!
/marketing-services/silverback-authority-method/ /silverback-authority-method/ 301!
/marketing-services/digital-marketing-agency/ / 301!
/logo-design-questionnaire/ / 301!
/marketing- / 301!

# OLD PLUMBER MARKETING SERVICES → HOME
/plumber-marketing-services/ / 301!
/plumber-marketing-services/graphic-design-service/ / 301!
/plumber-marketing-services/logo-design-service/ / 301!
/plumber-marketing-services/plumber-google-business-profile-optimization/ / 301!
/plumber-marketing-services/plumber-graphic-design-service/ / 301!
/plumber-marketing-services/plumber-graphic-design-service/plumber-graphic-design-examples/ / 301!
/plumber-marketing-services/plumber-logo-design-service/ / 301!
/plumber-marketing-services/plumber-logo-design-service/plumber-logo-design-examples/ / 301!
/plumber-marketing-services/plumber-logo-design-service/logo-design-questionnaire/ / 301!
/plumber-marketing-services/plumber-content-writing-service/ / 301!
/plumber-marketing-services/plumber-reputation-management/ / 301!
/plumber-marketing-services/plumber-directory-listing-management/ / 301!
/plumber-marketing-services/plumber-email-marketing/ / 301!
/plumber-marketing-services/plumber-call-tracking/ / 301!
/plumber-marketing-services/plumber-social-media-content-posts/ / 301!
/plumber-marketing-services/plumber-digital-marketing-agency/digital-marketing-campaign-examples/ / 301!
/plumber-marketing-services/plumber-digital-marketing-agency/digital-marketing-campaign-examples/bookkeeping-for-contractors-case-study/ / 301!
/plumber-marketing-services/plumber-digital-marketing-agency/digital-marketing-campaign-examples/ifix-appliance-repair-case-study/ /results/ 301!
/plumber-marketing-services/plumber-ppc-agency/ /services/ppc/ 301!

# PLUMBER SERVICES (non-marketing specific) → /services/
/services/plumber-google-business-profile-optimization/ /services/ 301!
/services/plumber-logo-design/ /services/ 301!
/services/plumber-graphic-design/ /services/ 301!
/services/plumber-content-writing/ /services/ 301!
/services/plumber-reputation-management/ /services/ 301!
/services/plumber-directory-listing-management/ /services/ 301!
/services/plumber-email-marketing/ /services/ 301!
/services/plumber-call-tracking/ /services/ 301!
/plumber-graphic-design/ /services/ 301!
/plumber-logo-design/ /services/ 301!
/services/plumber-lsa/ /services/ppc/local-service-ads/ 301!
/services/social-media-content-posts/ /services/social-media/ 301!
/services/logo-design/logo-designs-gallery/ /services/ 301!

# BRAND & CONTENT SERVICES → HOME
/brand-development/ / 301!
/content-writing/ / 301!

# WWW SUBDOMAIN SERVICES
https://www.therebelape.com/services/graphic-design/ /services/ 301!
https://www.therebelape.com/services/graphic-design /services/ 301!
https://www.therebelape.com/services/website-design /services/website-design/ 301!
https://www.therebelape.com/testimonials/ / 301!


# ========================================
# OLD PPC/ADS SERVICES → /services/ppc/
# ========================================
/marketing-services/google-local-service-ads/ /services/ppc/local-service-ads/ 301!
/marketing-services/ppc-agency/ /services/ppc/ 301!
/plumber-marketing-services/plumber-google-local-service-ads/ /services/ppc/local-service-ads/ 301!
/plumber-marketing-services/plumber-ppc-advertising/ /services/ppc/ 301!

# Legacy LSA redirects
/local-service-ads/ /services/ppc/local-service-ads/ 301!
/services/local-service-ads/ /services/ppc/local-service-ads/ 301!

# ========================================
# OLD GOOGLE BUSINESS PROFILE → HOME
# (Service no longer offered as standalone)
# ========================================
/marketing-services/google-business-profile-optimization/ / 301!
/plumber-marketing-services/plumber-google-business-profile-optimization/ / 301!

# ========================================
# OLD SEO SERVICES → /services/seo/
# (Only non-location specific pages)
# ========================================
/marketing-services/seo/ /services/seo/ 301!
/marketing-services/seo/seo-onboarding-questionnaire/ /services/seo/ 301!
/seo-onboarding/ /services/seo/ 301!
/plumber-marketing-services/plumber-seo/ /services/seo/ 301!
/plumber-marketing-services/plumber-seo/seo-onboarding-questionnaire/ /services/seo/ 301!
/services/plumber-seo/ /services/seo/ 301!
/marketing-agencies-utah/logo-design-for-business/logo-design-questionnaire/ /services/seo/ 301!
/plumber-marketing-services/seo/ /services/seo/ 301!
/plumber-seo/ /services/seo/ 301!
/seo/ /services/seo/ 301!

# ========================================
# SOCIAL MEDIA & VIDEO MARKETING
# ========================================
/social-media-marketing/ /services/social-media/ 301!
/video-marketing/ /blog/ 301!
/content-marketing/ /blog/ 301!

# NOTE: /syndicating-your-content/ is LIVE - no redirect needed

# ========================================
# TAGS & CATEGORIES → /blog/
# ========================================
/tag/strategies/ /blog/ 301!
/category/marketing/ /blog/ 301!
/category/technology/ /blog/ 301!
/category/seo/ /blog/ 301!

# ========================================
# MISCELLANEOUS & BROKEN PATHS
# ========================================
https://go.therebelape.com/checklist-page / 301!
https://go.therebelape.com/checklist-page832917 / 301!

https://app.therebelape.com/forgot_password?email https://app.therebelape.com/forgot_password 301!


https://www.therebelape.com/2019/11/ /blog/ 301!
https://www.therebelape.com/2020/01/ /blog/ 301!
/ultimate-online-marketing-checklist/ / 301!
/how-to-design / 301!
/keyword-cannibalization / 301!
/tips-for-improving-website-speed/ / 301!
/va-guide-finding-a-local-website-designer/ / 301!
/google-bert-googles-largest-update-released-since-rankbrain/ / 301!
/what-is-a-brand-promise//1000 / 301!
/what-is-a-brand-promise/1000 / 301!
/marketing-agencies-utah/logo-design-for-business/local-logo-designer-in-roy-city-utah/ / 301!
/marketing-agencies-utah/logo-design-for-business/local-logo-designer-in-south-ogden-utah/ / 301!

# Galleries & Portfolio
/gallery/print-design-gallery/ /results/ 301!
/website-design/capener-matthews-dental-website-design/ /services/website-design/ 301!
/website-design/tnt-social-media-website-design/ /services/website-design/ 301!

# SEO local analysis
/seo/local-seo-analysis/ /services/seo/ 301!

# reverse-scrolling-on-windows-10 variants
/reverse-scrolling-on-windows-10/seo /blog/ 301!

# Spam/attack URLs → Homepage
/lazada_bounce_rendered / 301!
/link-slot-gacor-9 / 301!
/login-situs-toto-3 / 301!
/login-situs-toto-7 / 301!
/situs-toto-4d-6 / 301!
/situs-toto-4d-9 / 301!
/situs-toto-login-alternatif-5 / 301!
/situs-toto-login-alternatif-7 / 301!
/situs-toto-login-link-alternatif-9 / 301!
/slot-deposit-5000- / 301!
/slot-gacor-4d- / 301!
/slot-gacor-4d-5 / 301!
/slot-gacor-88-4 / 301!
/slot-gacor-malam-ini-5 / 301!
/togel-online-5 / 301!
/ws.php / 301!

# ========================================
# OLD WORDPRESS PAGE BUILDER WORKSPACE
# ========================================
https://go.therebelape.com/tmp/workspace/production-frozen/leadgen/common/builder-preview/locales/en_US.json / 301!
https://go.therebelape.com/tmp/workspace/production/common/builder-preview/locales/fr.json / 301!
https://go.therebelape.com/tmp/workspace/production/leadgen/common/builder-preview/locales/de.json / 301!
https://go.therebelape.com/tmp/workspace/production/leadgen/common/builder-preview/locales/en_US.json / 301!
https://go.therebelape.com/tmp/workspace/production/leadgen/common/builder-preview/locales/es.json / 301!
https://go.therebelape.com/tmp/workspace/production/leadgen/common/builder-preview/locales/fi.json / 301!
https://go.therebelape.com/tmp/workspace/production/leadgen/common/builder-preview/locales/fr_CA.json / 301!
https://go.therebelape.com/tmp/workspace/production/leadgen/common/builder-preview/locales/fr.json / 301!
https://go.therebelape.com/tmp/workspace/production/leadgen/common/builder-preview/locales/hu.json / 301!
https://go.therebelape.com/tmp/workspace/production/leadgen/common/builder-preview/locales/it.json / 301!
https://go.therebelape.com/tmp/workspace/production/leadgen/common/builder-preview/locales/nl.json / 301!
https://go.therebelape.com/tmp/workspace/production/leadgen/common/builder-preview/locales/no.json / 301!
https://go.therebelape.com/tmp/workspace/production/leadgen/common/builder-preview/locales/pl.json / 301!
https://go.therebelape.com/tmp/workspace/production/leadgen/common/builder-preview/locales/pt.json / 301!
https://go.therebelape.com/tmp/workspace/production/leadgen/common/builder-preview/locales/sv.json / 301!
https://link.therebelape.com/tmp/workspace/production-frozen/leadgen/common/builder-preview/locales/fr_CA.json / 301!
https://link.therebelape.com/tmp/workspace/production-frozen/leadgen/common/builder-preview/locales/pt_BR.json / 301!
https://link.therebelape.com/tmp/workspace/production-frozen/leadgen/common/builder-preview/locales/pt.json / 301!
https://link.therebelape.com/tmp/workspace/production/common/builder-preview/locales/de.json / 301!
https://link.therebelape.com/tmp/workspace/production/common/builder-preview/locales/es.json / 301!
https://link.therebelape.com/tmp/workspace/production/common/builder-preview/locales/fi.json / 301!
https://link.therebelape.com/tmp/workspace/production/common/builder-preview/locales/fr_CA.json / 301!
https://link.therebelape.com/tmp/workspace/production/common/builder-preview/locales/fr.json / 301!
https://link.therebelape.com/tmp/workspace/production/common/builder-preview/locales/it.json / 301!
https://link.therebelape.com/tmp/workspace/production/common/builder-preview/locales/nl.json / 301!
https://link.therebelape.com/tmp/workspace/production/common/builder-preview/locales/no.json / 301!
https://link.therebelape.com/tmp/workspace/production/common/builder-preview/locales/pt_BR.json / 301!
https://link.therebelape.com/tmp/workspace/production/common/builder-preview/locales/sv.json / 301!

# ========================================
# GSC FLAGGED URLS - Missing Redirects
# ========================================

# Old pages that need redirects
/marketing-resources/ /resources/ 301!
/digital-strategy/ / 301!

# WordPress search/wordfence query strings → Homepage
/*?wordfence_lh=* / 301!
/*?s=* / 301!

# ========================================
# WORDPRESS LEGACY - FEEDS & WP-CONTENT
# ========================================

# RSS Feeds (no longer exist in Astro)
/feed/ /blog/ 301!
/feed/* /blog/ 301!
/*/feed/ /blog/ 301!
/category/*/feed/ /blog/ 301!

# Category pages → Blog
/category/* /blog/ 301!

# WordPress uploads - return 410 Gone (content permanently removed)
/wp-content/* / 410!

# ========================================
# SPAM/GIBBERISH ATTACK URLS
# ========================================

# Pattern-based spam URLs (random characters with common patterns)
/*-*items/* / 410!
/*-*etidm* / 410!
/*-*yeti* / 410!
/*.htm / 410!